[{"name":"SET_ENTITY_COORDS","hash":"0x06843DA7060A026B","ctx":{"idx":0,"type":"Entity"},"type":"ctx","args":[{"type":"Entity","translate":true},{"type":"float"},{"type":"float"},{"type":"float"},{"type":"BOOL"},{"type":"BOOL"},{"type":"BOOL"},{"type":"BOOL"}]},{"name":"SET_VEHICLE_COLOURS","hash":"0x4F1D4BE3A7F24601","ctx":{"idx":0,"type":"Entity"},"type":"ctx","args":[{"type":"Entity","translate":true},{"type":"int"},{"type":"int"}]},{"name":"SET_PLAYER_WANTED_LEVEL","hash":"0x39FF19C64EF7DA5B","ctx":{"idx":0,"type":"Player"},"type":"ctx","args":[{"type":"Player","translate":true},{"type":"int"},{"type":"BOOL"}]},{"name":"SET_PED_INTO_VEHICLE","hash":"0xF75B0D629E1C063D","ctx":{"idx":0,"type":"Entity"},"type":"ctx","args":[{"type":"Entity","translate":true},{"type":"Entity","translate":true},{"type":"int"}]},{"name":"FREEZE_ENTITY_POSITION","hash":"0x428CA6DBD1094446","ctx":{"idx":0,"type":"Entity"},"type":"ctx","args":[{"type":"Entity","translate":true},{"type":"BOOL"}]},{"name":"CREATE_VEHICLE","args":[{"type":"Hash"},{"type":"float"},{"type":"float"},{"type":"float"},{"type":"float"},{"type":"BOOL"},{"type":"BOOL"}],"hash":"0xAF35D0D2583051B0","type":"entity"},{"name":"SET_ENTITY_ROTATION","hash":"0x8524A8B0171D5E07","ctx":{"idx":0,"type":"Entity"},"type":"ctx","args":[{"type":"Entity","translate":true},{"type":"float"},{"type":"float"},{"type":"float"},{"type":"int"},{"type":"BOOL"}]},{"name":"SET_ENTITY_VELOCITY","hash":"0x1C99BB7B6E96D16F","ctx":{"idx":0,"type":"Entity"},"type":"ctx","args":[{"type":"Entity","translate":true},{"type":"float"},{"type":"float"},{"type":"float"}]},{"name":"SET_ENTITY_HEADING","hash":"0x8E2530AA8ADA980E","ctx":{"idx":0,"type":"Entity"},"type":"ctx","args":[{"type":"Entity","translate":true},{"type":"float"}]}]
